feature,importance
p9,8.473015873015873
realized_vol,7.720634920634921
p1,7.307936507936508
p3,7.304761904761905
p5,7.123809523809523
p2,7.041269841269841
p4,7.006349206349206
p8,6.882539682539683
p_std,6.6380952380952385
p7,6.517460317460317
p6,6.32063492063492
p_min,5.126984126984127
p_mean,5.019047619047619
p_max,4.234920634920635
K,3.038095238095238
T,2.066666666666667
sigma,1.3587301587301588
r,0.819047619047619
p0,0.0
