feature,importance
p9,9.152380952380952
realized_vol,7.301587301587301
p1,7.219047619047619
p2,6.714285714285714
p8,6.101587301587301
p3,6.082539682539682
p4,5.819047619047619
p5,5.796825396825397
p6,5.641269841269842
p7,5.250793650793651
K,5.0285714285714285
p_std,4.688888888888889
T,4.114285714285714
p_max,4.034920634920635
p_min,3.9174603174603173
p_mean,3.742857142857143
option_flag,3.295238095238095
sigma,3.196825396825397
r,2.9015873015873015
p0,0.0
