feature,importance
T,24.838291
K,24.173246
sigma,9.333082
p9,8.264864
r,3.6554255
realized_vol,3.3268447
p_max,3.0694053
p_min,2.4611037
p_std,2.3924947
p8,2.2801054
p6,2.2159095
p_mean,2.1035573
p7,2.0965343
p4,2.09559
p3,2.0909972
p5,1.9901959
p2,1.9047422
p1,1.7076073
p0,0.0
