,p0,p1,p2,p3,p4,p5,p6,p7,p8,p9,p_min,p_max,p_mean,p_std,realized_vol,K,T,r,sigma,option_flag,y,resid
602,100.00000000000004,107.52929101357066,109.65723670805872,108.48254502909963,124.43889700126043,117.58301489044638,131.8735264283283,155.62055582257943,156.38102312303806,154.76582638307875,100.00000000000004,156.38102312303806,126.63319163994603,20.791206239562598,0.07251170082252427,119.45408686860435,1.7960182845400263,0.015294585153443197,0.4585829670376347,call,210.78116887331052,177.6058916674251
867,100.00000000000004,95.23489704037063,93.19922642447922,97.61873944874665,108.8080347470553,135.25862711513955,129.74176177903811,120.31375012924963,136.49415874936895,139.31541392375166,93.19922642447922,139.31541392375166,115.59846093571998,17.711594475447438,0.09169639757549003,119.45408686860435,1.7960182845400263,0.015294585153443197,0.4585829670376347,call,296.55020456496874,268.2020160589558
1050,100.00000000000004,98.03363807446344,108.08377497916705,106.7044638419375,103.70817291472693,105.40935599794301,106.21737127158654,104.48719635836328,109.5871070844576,109.73013067950214,98.03363807446344,109.73013067950214,105.19612112021476,3.640844218567128,0.03771686206383063,105.13994123104645,0.9806233983243989,0.04772122179487816,0.4392720934158794,call,156.57861091473882,146.85318652320606
1135,100.00000000000004,96.0561270890577,116.38882475085057,104.61663766436251,98.25074151055536,112.14482062280317,118.38648569418164,124.37018627231042,100.3256177275752,120.55864196036883,96.0561270890577,124.37018627231042,109.10980832920654,9.903858693148443,0.13024786775782846,119.45408686860435,1.7960182845400263,0.015294585153443197,0.4585829670376347,call,332.54597551291664,309.64260407510386
3552,100.00000000000004,95.80499209338319,101.32087268181299,97.62928938671351,92.85873098173884,95.639680365176,96.58360267553347,97.80034391057394,101.36759619766721,101.03092934118277,92.85873098173884,101.36759619766721,98.0036037633782,2.730578477536847,0.03537764612147218,119.45408686860435,1.7960182845400263,0.015294585153443197,0.4585829670376347,call,181.95849547659097,164.88925542553025
