feature,importance
p9,7.847619047619047
realized_vol,7.746031746031746
p2,7.450793650793651
p1,7.304761904761905
p3,6.825396825396825
p4,6.815873015873016
p7,6.685714285714286
p8,6.653968253968254
p5,6.647619047619048
p6,6.6
p_std,5.847619047619047
p_min,4.796825396825397
p_max,4.726984126984127
p_mean,4.6761904761904765
K,4.161904761904762
sigma,1.9587301587301587
r,1.6412698412698412
T,1.6126984126984127
p0,0.0
