feature,importance
realized_vol,8.40952380952381
p2,8.276190476190477
p1,8.149206349206349
p9,7.984126984126984
p3,7.733333333333333
p4,7.3841269841269845
p5,6.946031746031746
p8,6.828571428571428
p7,6.66984126984127
p6,6.526984126984127
p_std,6.031746031746032
p_mean,4.815873015873016
p_max,4.660317460317461
p_min,4.212698412698413
K,2.003174603174603
T,1.434920634920635
r,1.1746031746031746
sigma,0.7587301587301587
p0,0.0
