feature,importance
p9,8.393650793650794
realized_vol,7.822222222222222
p1,7.549206349206349
p2,7.457142857142857
p4,7.234920634920635
p3,7.1873015873015875
p5,6.688888888888889
p8,6.450793650793651
p7,6.352380952380952
p6,6.304761904761905
p_std,5.3428571428571425
p_max,5.126984126984127
p_mean,4.73968253968254
p_min,4.019047619047619
K,3.726984126984127
r,2.250793650793651
T,1.6952380952380952
sigma,1.6571428571428573
p0,0.0
