feature,importance
K,18.95354
sigma,17.35621
r,13.139159
T,9.916438
p9,8.253417
p_min,6.5023556
p_mean,2.455613
realized_vol,2.4125702
p8,2.368496
p_max,2.3554435
p_std,2.316389
p7,2.1874943
p6,2.130366
p5,2.1059341
p4,2.0751731
p3,1.9404908
p2,1.8531588
p1,1.6777544
p0,0.0
