{
  "timestamp": 1761231488.6334565,
  "dataset": "../data/raw/training_data_phoenix_aligned.npz",
  "metrics": {
    "XGBoost": {
      "rmse": 0.025293526993780638,
      "mae": 0.01895881227077843,
      "r2": 0.8936754967009075,
      "train_time": 0.9095978736877441
    },
    "LightGBM": {
      "rmse": 0.025186586993994203,
      "mae": 0.018886028338215982,
      "r2": 0.8945726674032122,
      "train_time": 1.2963840961456299
    },
    "CatBoost": {
      "rmse": 0.024129668501981703,
      "mae": 0.018191250981370182,
      "r2": 0.9032352256440599,
      "train_time": 3.36622953414917
    }
  }
}