{
  "mlp_quick": {
    "test_mse": 1.5792503356933594,
    "test_mae": 0.6888613104820251,
    "sample_compare": [
      [
        22.30639748268203,
        21.36163330078125
      ],
      [
        0.0,
        0.48730969429016113
      ],
      [
        0.0,
        -0.07843458652496338
      ],
      [
        0.0,
        0.30462586879730225
      ],
      [
        0.0,
        0.04273223876953125
      ],
      [
        0.0,
        -0.1172628402709961
      ],
      [
        18.147732027523062,
        18.1740665435791
      ],
      [
        0.7691130038941623,
        1.5466763973236084
      ],
      [
        1.0,
        0.46210670471191406
      ],
      [
        11.519501051712652,
        11.14651107788086
      ]
    ]
  },
  "mlp_large": {
    "test_mse": 1.5765416622161865,
    "test_mae": 0.64577317237854,
    "sample_compare": [
      [
        22.30639748268203,
        20.832887649536133
      ],
      [
        0.0,
        0.09458278864622116
      ],
      [
        0.0,
        -0.0086370799690485
      ],
      [
        0.0,
        0.06124000996351242
      ],
      [
        0.0,
        -0.02738870121538639
      ],
      [
        0.0,
        -0.045471079647541046
      ],
      [
        18.147732027523062,
        19.101272583007812
      ],
      [
        0.7691130038941623,
        0.9432380795478821
      ],
      [
        1.0,
        0.43032658100128174
      ],
      [
        11.519501051712652,
        11.203313827514648
      ]
    ]
  },
  "mlp_large_residual": {
    "test_mse": 1.6082814931869507,
    "test_mae": 0.6316799521446228,
    "sample_compare": [
      [
        22.30639748268203,
        20.85826301574707
      ],
      [
        0.0,
        0.026539277285337448
      ],
      [
        0.0,
        -0.010105956345796585
      ],
      [
        0.0,
        0.2901041507720947
      ],
      [
        0.0,
        -0.009123552590608597
      ],
      [
        0.0,
        -0.0017549959011375904
      ],
      [
        18.147732027523062,
        18.24918556213379
      ],
      [
        0.7691130038941623,
        2.5358400344848633
      ],
      [
        1.0,
        0.45318740606307983
      ],
      [
        11.519501051712652,
        10.721323013305664
      ]
    ]
  },
  "mlp_large_deep_residual": {
    "test_mse": 1.6252793073654175,
    "test_mae": 0.6550059914588928,
    "sample_compare": [
      [
        22.30639748268203,
        21.056474685668945
      ],
      [
        0.0,
        -0.16883395612239838
      ],
      [
        0.0,
        0.010881217196583748
      ],
      [
        0.0,
        0.029864268377423286
      ],
      [
        0.0,
        0.011679204180836678
      ],
      [
        0.0,
        0.026541071012616158
      ],
      [
        18.147732027523062,
        18.29790496826172
      ],
      [
        0.7691130038941623,
        0.7010584473609924
      ],
      [
        1.0,
        0.41861602663993835
      ],
      [
        11.519501051712652,
        11.617984771728516
      ]
    ]
  },
  "mlp_large_advanced": {
    "test_mse": 1.6318614482879639,
    "test_mae": 0.7117358446121216,
    "sample_compare": [
      [
        22.30639748268203,
        20.8013916015625
      ],
      [
        0.0,
        0.612450361251831
      ],
      [
        0.0,
        -0.04648397117853165
      ],
      [
        0.0,
        0.15823569893836975
      ],
      [
        0.0,
        0.0173962339758873
      ],
      [
        0.0,
        -0.04065356403589249
      ],
      [
        18.147732027523062,
        18.631132125854492
      ],
      [
        0.7691130038941623,
        1.220359206199646
      ],
      [
        1.0,
        0.5139687061309814
      ],
      [
        11.519501051712652,
        11.612351417541504
      ]
    ]
  }
}