{
  "LightGBM": {
    "rmse": 0.003941713513645863,
    "mae": 0.002985078722238168,
    "r2": 0.9777408116745703,
    "train_time_s": 0.481
  },
  "XGBoost": {
    "rmse": 0.005757262163225354,
    "mae": 0.003941215205164296,
    "r2": 0.9525133838513523,
    "train_time_s": 0.267
  },
  "CatBoost": {
    "rmse": 0.00311028455317534,
    "mae": 0.002007643449920199,
    "r2": 0.9861407586334486,
    "train_time_s": 0.944
  }
}